Workbook

Sheet Task Estimates
A1: OpenAssess: PERT Task Breakdown and Effort Estimate
A2: Estimates are in working days for one full-time developer and cover the P0 scope (authentication, assessments, MCQ and coding questions, timed attempts, evaluation, results). Admin dashboard, notifications, analytics and anti-cheating are excluded. Blue cells are inputs; black cells are formulas.
A4: ID | B4: Phase | C4: Task | D4: Optimistic (days) | E4: Most likely (days) | F4: Pessimistic (days) | G4: Expected (days) | H4: Std dev (days) | I4: Variance (days²)
A5: 1.1 | B5: Phase 1: Foundation | C5: Repository setup, branching rules, license and README skeleton | D5: 0.5 | E5: 1 | F5: 2 | G5: =(D5+4*E5+F5)/6 -> 1.0833333 | H5: =(F5-D5)/6 -> 0.25 | I5: =H5^2 -> 0.0625
A6: 1.2 | B6: Phase 1: Foundation | C6: Docker Compose for FastAPI, PostgreSQL and Redis | D6: 1 | E6: 2 | F6: 4 | G6: =(D6+4*E6+F6)/6 -> 2.1666667 | H6: =(F6-D6)/6 -> 0.5 | I6: =H6^2 -> 0.25
A7: 1.3 | B7: Phase 1: Foundation | C7: FastAPI project skeleton and configuration management | D7: 1 | E7: 2 | F7: 3 | G7: =(D7+4*E7+F7)/6 -> 2 | H7: =(F7-D7)/6 -> 0.33333333 | I7: =H7^2 -> 0.11111111
A8: 1.4 | B8: Phase 1: Foundation | C8: SQLAlchemy session and Alembic migration setup | D8: 1 | E8: 2 | F8: 4 | G8: =(D8+4*E8+F8)/6 -> 2.1666667 | H8: =(F8-D8)/6 -> 0.5 | I8: =H8^2 -> 0.25
A9: 1.5 | B9: Phase 1: Foundation | C9: GitHub Actions pipeline (lint and pytest) | D9: 1 | E9: 2 | F9: 4 | G9: =(D9+4*E9+F9)/6 -> 2.1666667 | H9: =(F9-D9)/6 -> 0.5 | I9: =H9^2 -> 0.25
A10: 1.6 | B10: Phase 1: Foundation | C10: React, TypeScript and Tailwind scaffold | D10: 1 | E10: 2 | F10: 3 | G10: =(D10+4*E10+F10)/6 -> 2 | H10: =(F10-D10)/6 -> 0.33333333 | I10: =H10^2 -> 0.11111111
A11: 2.1 | B11: Phase 2: Authentication | C11: User model and migration | D11: 0.5 | E11: 1 | F11: 2 | G11: =(D11+4*E11+F11)/6 -> 1.0833333 | H11: =(F11-D11)/6 -> 0.25 | I11: =H11^2 -> 0.0625
A12: 2.2 | B12: Phase 2: Authentication | C12: Registration and login with password hashing and JWT | D12: 2 | E12: 3 | F12: 5 | G12: =(D12+4*E12+F12)/6 -> 3.1666667 | H12: =(F12-D12)/6 -> 0.5 | I12: =H12^2 -> 0.25
A13: 2.3 | B13: Phase 2: Authentication | C13: Role-based access control (admin, creator, candidate) | D13: 2 | E13: 3 | F13: 5 | G13: =(D13+4*E13+F13)/6 -> 3.1666667 | H13: =(F13-D13)/6 -> 0.5 | I13: =H13^2 -> 0.25
A14: 2.4 | B14: Phase 2: Authentication | C14: Token expiry, refresh and logout | D14: 1 | E14: 2 | F14: 3 | G14: =(D14+4*E14+F14)/6 -> 2 | H14: =(F14-D14)/6 -> 0.33333333 | I14: =H14^2 -> 0.11111111
A15: 2.5 | B15: Phase 2: Authentication | C15: Authentication tests | D15: 1 | E15: 2 | F15: 3 | G15: =(D15+4*E15+F15)/6 -> 2 | H15: =(F15-D15)/6 -> 0.33333333 | I15: =H15^2 -> 0.11111111
A16: 2.6 | B16: Phase 2: Authentication | C16: Login and registration UI with route guards | D16: 2 | E16: 3 | F16: 5 | G16: =(D16+4*E16+F16)/6 -> 3.1666667 | H16: =(F16-D16)/6 -> 0.5 | I16: =H16^2 -> 0.25
... A53: 8.5 | B53: Phase 8: Open-Source Release | C53: Version tag and changelog for v0.1 | D53: 0.5 | E53: 1 | F53: 2 | G53: =(D53+4*E53+F53)/6 -> 1.0833333 | H53: =(F53-D53)/6 -> 0.25 | I53: =H53^2 -> 0.0625

Sheet Summary
A1: OpenAssess: Estimate Summary
A2: Totals are calculated from the Task Estimates tab. Blue cells are assumptions you can change.
A4: Assumptions
A5: Working days per week | B5: 5
A6: Z-score for 68% range | B6: 1
A7: Z-score for 95% range | B7: 1.96
A9: Phase | B9: Tasks | C9: Optimistic (days) | D9: Most likely (days) | E9: Pessimistic (days) | F9: Expected (days) | G9: Variance (days²) | H9: Std dev (days) | I9: Expected (weeks)
A10: Phase 1: Foundation | B10: =COUNTIF('Task Estimates'!$B$5:$B$53,$A10) -> 6 | C10: =SUMIFS('Task Estimates'!$D$5:$D$53,'Task Estimates'!$B$5:$B$53,$A10) -> 5.5 | D10: =SUMIFS('Task Estimates'!$E$5:$E$53,'Task Estimates'!$B$5:$B$53,$A10) -> 11 | E10: =SUMIFS('Task Estimates'!$F$5:$F$53,'Task Estimates'!$B$5:$B$53,$A10) -> 20 | F10: =SUMIFS('Task Estimates'!$G$5:$G$53,'Task Estimates'!$B$5:$B$53,$A10) -> 11.583333 | G10: =SUMIFS('Task Estimates'!$I$5:$I$53,'Task Estimates'!$B$5:$B$53,$A10) -> 1.0347222 | H10: =SQRT(G10) -> 1.017213 | I10: =F10/$B$5 -> 2.3166667
A11: Phase 2: Authentication | B11: =COUNTIF('Task Estimates'!$B$5:$B$53,$A11) -> 6 | C11: =SUMIFS('Task Estimates'!$D$5:$D$53,'Task Estimates'!$B$5:$B$53,$A11) -> 8.5 | D11: =SUMIFS('Task Estimates'!$E$5:$E$53,'Task Estimates'!$B$5:$B$53,$A11) -> 14 | E11: =SUMIFS('Task Estimates'!$F$5:$F$53,'Task Estimates'!$B$5:$B$53,$A11) -> 23 | F11: =SUMIFS('Task Estimates'!$G$5:$G$53,'Task Estimates'!$B$5:$B$53,$A11) -> 14.583333 | G11: =SUMIFS('Task Estimates'!$I$5:$I$53,'Task Estimates'!$B$5:$B$53,$A11) -> 1.0347222 | H11: =SQRT(G11) -> 1.017213 | I11: =F11/$B$5 -> 2.9166667
A12: Phase 3: Assessments | B12: =COUNTIF('Task Estimates'!$B$5:$B$53,$A12) -> 7 | C12: =SUMIFS('Task Estimates'!$D$5:$D$53,'Task Estimates'!$B$5:$B$53,$A12) -> 17 | D12: =SUMIFS('Task Estimates'!$E$5:$E$53,'Task Estimates'!$B$5:$B$53,$A12) -> 26 | E12: =SUMIFS('Task Estimates'!$F$5:$F$53,'Task Estimates'!$B$5:$B$53,$A12) -> 43 | F12: =SUMIFS('Task Estimates'!$G$5:$G$53,'Task Estimates'!$B$5:$B$53,$A12) -> 27.333333 | G12: =SUMIFS('Task Estimates'!$I$5:$I$53,'Task Estimates'!$B$5:$B$53,$A12) -> 3 | H12: =SQRT(G12) -> 1.7320508 | I12: =F12/$B$5 -> 5.4666667
A13: Phase 4: Candidate Workflow | B13: =COUNTIF('Task Estimates'!$B$5:$B$53,$A13) -> 7 | C13: =SUMIFS('Task Estimates'!$D$5:$D$53,'Task Estimates'!$B$5:$B$53,$A13) -> 17 | D13: =SUMIFS('Task Estimates'!$E$5:$E$53,'Task Estimates'!$B$5:$B$53,$A13) -> 27 | E13: =SUMIFS('Task Estimates'!$F$5:$F$53,'Task Estimates'!$B$5:$B$53,$A13) -> 43 | F13: =SUMIFS('Task Estimates'!$G$5:$G$53,'Task Estimates'!$B$5:$B$53,$A13) -> 28 | G13: =SUMIFS('Task Estimates'!$I$5:$I$53,'Task Estimates'!$B$5:$B$53,$A13) -> 2.9444444 | H13: =SQRT(G13) -> 1.7159384 | I13: =F13/$B$5 -> 5.6
A14: Phase 5: Evaluation | B14: =COUNTIF('Task Estimates'!$B$5:$B$53,$A14) -> 7 | C14: =SUMIFS('Task Estimates'!$D$5:$D$53,'Task Estimates'!$B$5:$B$53,$A14) -> 14 | D14: =SUMIFS('Task Estimates'!$E$5:$E$53,'Task Estimates'!$B$5:$B$53,$A14) -> 25 | E14: =SUMIFS('Task Estimates'!$F$5:$F$53,'Task Estimates'!$B$5:$B$53,$A14) -> 42 | F14: =SUMIFS('Task Estimates'!$G$5:$G$53,'Task Estimates'!$B$5:$B$53,$A14) -> 26 | G14: =SUMIFS('Task Estimates'!$I$5:$I$53,'Task Estimates'!$B$5:$B$53,$A14) -> 3.3333333 | H14: =SQRT(G14) -> 1.8257419 | I14: =F14/$B$5 -> 5.2
A15: Phase 6: Results | B15: =COUNTIF('Task Estimates'!$B$5:$B$53,$A15) -> 5 | C15: =SUMIFS('Task Estimates'!$D$5:$D$53,'Task Estimates'!$B$5:$B$53,$A15) -> 9 | D15: =SUMIFS('Task Estimates'!$E$5:$E$53,'Task Estimates'!$B$5:$B$53,$A15) -> 15 | E15: =SUMIFS('Task Estimates'!$F$5:$F$53,'Task Estimates'!$B$5:$B$53,$A15) -> 25 | F15: =SUMIFS('Task Estimates'!$G$5:$G$53,'Task Estimates'!$B$5:$B$53,$A15) -> 15.666667 | G15: =SUMIFS('Task Estimates'!$I$5:$I$53,'Task Estimates'!$B$5:$B$53,$A15) -> 1.5555556 | H15: =SQRT(G15) -> 1.2472191 | I15: =F15/$B$5 -> 3.1333333
A16: Phase 7: Quality | B16: =COUNTIF('Task Estimates'!$B$5:$B$53,$A16) -> 6 | C16: =SUMIFS('Task Estimates'!$D$5:$D$53,'Task Estimates'!$B$5:$B$53,$A16) -> 9 | D16: =SUMIFS('Task Estimates'!$E$5:$E$53,'Task Estimates'!$B$5:$B$53,$A16) -> 15 | E16: =SUMIFS('Task Estimates'!$F$5:$F$53,'Task Estimates'!$B$5:$B$53,$A16) -> 26 | F16: =SUMIFS('Task Estimates'!$G$5:$G$53,'Task Estimates'!$B$5:$B$53,$A16) -> 15.833333 | G16: =SUMIFS('Task Estimates'!$I$5:$I$53,'Task Estimates'!$B$5:$B$53,$A16) -> 1.4166667 | H16: =SQRT(G16) -> 1.1902381 | I16: =F16/$B$5 -> 3.1666667
A17: Phase 8: Open-Source Release | B17: =COUNTIF('Task Estimates'!$B$5:$B$53,$A17) -> 5 | C17: =SUMIFS('Task Estimates'!$D$5:$D$53,'Task Estimates'!$B$5:$B$53,$A17) -> 5.5 | D17: =SUMIFS('Task Estimates'!$E$5:$E$53,'Task Estimates'!$B$5:$B$53,$A17) -> 9 | E17: =SUMIFS('Task Estimates'!$F$5:$F$53,'Task Estimates'!$B$5:$B$53,$A17) -> 17 | F17: =SUMIFS('Task Estimates'!$G$5:$G$53,'Task Estimates'!$B$5:$B$53,$A17) -> 9.75 | G17: =SUMIFS('Task Estimates'!$I$5:$I$53,'Task Estimates'!$B$5:$B$53,$A17) -> 0.78472222 | H17: =SQRT(G17) -> 0.88584548 | I17: =F17/$B$5 -> 1.95
A18: Total | B18: =SUM(B10:B17) -> 49 | C18: =SUM(C10:C17) -> 85.5 | D18: =SUM(D10:D17) -> 142 | E18: =SUM(E10:E17) -> 239 | F18: =SUM(F10:F17) -> 148.75 | G18: =SUM(G10:G17) -> 15.104167 | H18: =SQRT(G18) -> 3.8864079 | I18: =F18/$B$5 -> 29.75
A20: Project estimate | B20: Days | C20: Weeks
A21: Expected duration | B21: =F18 -> 148.75 | C21: =B21/$B$5 -> 29.75
A22: Standard deviation | B22: =H18 -> 3.8864079 | C22: =B22/$B$5 -> 0.77728159
A23: 68% range, low | B23: =B21-$B$6*B22 -> 144.86359 | C23: =B23/$B$5 -> 28.972718
A24: 68% range, high | B24: =B21+$B$6*B22 -> 152.63641 | C24: =B24/$B$5 -> 30.527282
A25: 95% range, low | B25: =B21-$B$7*B22 -> 141.13264 | C25: =B25/$B$5 -> 28.226528
A26: 95% range, high | B26: =B21+$B$7*B22 -> 156.36736 | C26: =B26/$B$5 -> 31.273472
A28: Project standard deviation is the square root of the summed task variances, not the sum of the task standard deviations.
